{
  "scopeName": "source.vexon",
  "name": "Vexon",
  "patterns": [
    {
      "name": "comment.line.double-slash.vexon",
      "match": "//.*$"
    },
    {
      "name": "string.quoted.double.vexon",
      "begin": "\"",
      "end": "\"",
      "patterns": [
        {
          "name": "constant.character.escape.vexon",
          "match": "\\\\."
        }
      ]
    },
    {
      "name": "string.quoted.single.vexon",
      "begin": "'",
      "end": "'",
      "patterns": [
        {
          "name": "constant.character.escape.vexon",
          "match": "\\\\."
        }
      ]
    },
    {
      "name": "keyword.control.vexon",
      "match": "\\b(let|fn|return|if|else|while|for|in|break|continue|import|as|null|true|false)\\b"
    },
    {
      "name": "constant.numeric.vexon",
      "match": "\\b\\d+(?:\\.\\d+)?\\b"
    },
    {
      "name": "variable.other.vexon",
      "match": "\\b[a-zA-Z_][a-zA-Z0-9_]*\\b"
    },
    {
      "name": "punctuation.separator.vexon",
      "match": "[\\[\\]\\{\\}\\(\\),;\\.:]"
    },
    {
      "name": "keyword.operator.vexon",
      "match": "==|!=|<=|>=|&&|\\|\\||[+\\-*/%<>!=]"
    }
  ],
  "repository": {},
  "scopeName": "source.vexon"
}
